{
  "id": "",
  "name": "",
  "font_family": "iconfont",
  "css_prefix_text": "icon-",
  "description": "",
  "glyphs": [
    {
      "icon_id": "753450",
      "name": "下",
      "font_class": "xia",
      "unicode": "e625",
      "unicode_decimal": 58917
    },
    {
      "icon_id": "764674",
      "name": "搜索",
      "font_class": "sousuo",
      "unicode": "e61f",
      "unicode_decimal": 58911
    },
    {
      "icon_id": "1244098",
      "name": "我的",
      "font_class": "wode",
      "unicode": "e636",
      "unicode_decimal": 58934
    },
    {
      "icon_id": "1617699",
      "name": "右",
      "font_class": "you",
      "unicode": "e705",
      "unicode_decimal": 59141
    },
    {
      "icon_id": "2427582",
      "name": "左",
      "font_class": "you1",
      "unicode": "e502",
      "unicode_decimal": 58626
    },
    {
      "icon_id": "3426713",
      "name": "定位",
      "font_class": "location",
      "unicode": "e537",
      "unicode_decimal": 58679
    },
    {
      "icon_id": "7273507",
      "name": "上",
      "font_class": "shang",
      "unicode": "e611",
      "unicode_decimal": 58897
    },
    {
      "icon_id": "7629041",
      "name": "电影",
      "font_class": "dianying",
      "unicode": "e6af",
      "unicode_decimal": 59055
    },
    {
      "icon_id": "7792055",
      "name": "咨讯",
      "font_class": "zixun",
      "unicode": "e65f",
      "unicode_decimal": 58975
    },
    {
      "icon_id": "7795246",
      "name": "电话",
      "font_class": "phone",
      "unicode": "e501",
      "unicode_decimal": 58625
    },
    {
      "icon_id": "8371997",
      "name": "电影",
      "font_class": "dianying1",
      "unicode": "e62e",
      "unicode_decimal": 58926
    },
    {
      "icon_id": "10925714",
      "name": "我 的",
      "font_class": "wode1",
      "unicode": "e602",
      "unicode_decimal": 58882
    },
    {
      "icon_id": "11372734",
      "name": "影院",
      "font_class": "yingyuan",
      "unicode": "e8c0",
      "unicode_decimal": 59584
    }
  ]
}
